Article,Link
White-Maxiskirt Mania! Our Editors Are Loving This Summer-to-Fall Piece,https://www.vogue.com/article/white-maxi-and-midi-skirt-outfits
"From Crystal-Embellished Ballet Flats to Denim Jackets, 11 Pre-Fall Staples We’re Eyeing",https://www.vogue.com/article/pre-fall-most-wanted
Fall Fashion’s Favorite Wardrobe Essential? An Ultra-Crisp Button-Up Shirt,https://www.vogue.com/article/how-to-style-a-button-up-shirt
How Low Can These Low-Rise Jeans Go?,https://www.vogue.com/slideshow/low-rise-jeans
Dresses and Sneakers Are An End-of-Summer Fail-Proof Outfit Combo,https://www.vogue.com/article/how-to-wear-the-summer-dress-and-sneaker-look
Welcome August With Our Edit of the Best Dresses to Wear Now and Straight Into Fall,https://www.vogue.com/article/dresses
"For Fall, Quietly Luxurious Loafers Are a Fashion-Girl Favorite",https://www.vogue.com/article/womens-smoking-loafers
Vogue Essentials: These Are the 50+ Wardrobe Staples Nominated by Our Editors ,https://www.vogue.com/article/vogue-wardrobe-essentials-guide
"From Classic Cardigans to Ballet Flats, 36 Transitional-Weather Essentials to Wear Now",https://www.vogue.com/article/transitional-weather-essentials
"The Hot List: 24 Must-Have Pieces, According to Instagram’s Favorite Fashion Sourcer",https://www.vogue.com/article/the-hot-list-with-gab-waller
This Transitional Style Staple Still Reigns Supreme! 8 Ways to Wear a Jean Skirt,https://www.vogue.com/article/jean-skirt-outfits
"Ecléctico! Street Style in El Rastro, Madrid",https://www.vogue.com/article/madrid-street-style-el-rastro
The Very Best Raffia Bags to Carry You Through the End of Summer in Style,https://www.vogue.com/slideshow/best-raffia-bags
"Move Over, Minis—The Breezy Maxiskirt Is Taking Center Stage",https://www.vogue.com/slideshow/best-maxi-skirts
Hot Take: Flip Flops Are Now the Chicest Shoe Choice For Your End of Summer Outfits,https://www.vogue.com/article/flip-flop-outfits
Get Down to Business With These 54 Work Bags and Totes,https://www.vogue.com/article/best-work-bags-for-women
The Affordable Fashion Edit: Over 100 Pieces Under $300,https://www.vogue.com/affordable-fashion-edit
"From Maxi Skirts to Ballet Flats, 13 Items Vogue Editors Just Purchased—And Loved",https://www.vogue.com/article/what-vogue-editors-purchased
Prada! Atluzarra! Dôen! Everyone Is Going Gingham This Summer,https://www.vogue.com/slideshow/gingham-dresses
Secret’s Out: These Are the Coolest Affordable Dress Brands to Know Now,https://www.vogue.com/article/where-to-buy-affordable-dresses-online
The Verdict Is In: The Classic Fisherman Sandal Is the Perfect Summer Shoe,https://www.vogue.com/article/best-fisherman-sandals
"Joy Montgomery’s
Summer Fashion Edit",https://www.vogue.com/joy-montgomery-fashion-week-edit
"Naomi Elizée’s
Summer Fashion Edit",https://www.vogue.com/naomi-elizee-fashion-week-edit
"For Brunch or Errands, 9 Chic Outfit Ideas to Wear This Weekend",https://www.vogue.com/article/what-to-wear-this-weekend
8 Outfits That Prove a Timeless Shirtdress Is All You Need for Summer,https://www.vogue.com/article/best-shirtdresses
The Best Top-Handle Bags Will Become Your Staple Accessory,https://www.vogue.com/article/best-top-handle-bags
"The Best Linen Shirts for Effortless, Elevated Summer Style ",https://www.vogue.com/article/linen-shirts
7 Types of Sandals That Never Go Out of Style,https://www.vogue.com/article/classic-sandals
"According to an Authority, These Are the Best Clogs to Shop Now",https://www.vogue.com/article/best-clogs
Say Hello to Spring/Summer 2023’s Handbag Trends—Shop Them All Here,https://www.vogue.com/article/spring-2023-handbag-trends
The Accessory Special: The Only Spring/Summer 2023 Shoe Trends Worth Shopping ,https://www.vogue.com/article/spring-2023-shoe-trends
The 28 Best Pajamas to Dress Up Your Beauty Rest,https://www.vogue.com/slideshow/best-pajamas-for-women
I’m 5’2”—These Are the Best Dresses I’ve Found for Petite Women,https://www.vogue.com/article/best-petite-dresses
The Most Covetable Crossbody Bags to Shop Now and Wear Forever,https://www.vogue.com/slideshow/best-crossbody-bags
What Do Vogue Editors Actually Wear to Work? Here’s a Look at Our Office Mood Boards,https://www.vogue.com/article/what-vogue-editors-wear-to-work
Vogue’s Ultimate Guide to Shopping the Best Jeans for Women,https://www.vogue.com/article/best-jeans-for-women
"Distressed to Success—Worn-In, Vintage-Esque Leather Jackets Are All the Rage",https://www.vogue.com/article/distressed-leather-jacket-trend
You Can Finally Shop Kate Moss’s Viral Bottega Veneta Look,https://www.vogue.com/article/kate-moss-bottega-veneta-fall-outfit
"The Less Structure, the Better—Shop Slouchy Shoulder Bags for Spring",https://www.vogue.com/article/best-slouchy-handbags
"The #VogueRewear Challenge Continues With EmRata, Tory Burch, and More",https://www.vogue.com/article/vogue-rewear-friends
The Best Presidents’ Day Sales on Our Radar This Year,https://www.vogue.com/article/best-presidents-day-sales
The Casual-Cool Loafer Katie Holmes Wears on Repeat,https://www.vogue.com/article/katie-holmes-gucci-jordaan-loafers
Colorful Outfits That’ll Cure Those Winter Wardrobe Blues,https://www.vogue.com/article/colorful-outfit-formulas
This ’90s-Inspired Layering Trick Is Back and Better Than Ever,https://www.vogue.com/article/layered-shirt-trend
"According to Hailey Bieber, a Pair of Chunky Loafers Is the Ultimate Cool-Girl Staple",https://www.vogue.com/article/chunky-loafers
"The Wardrobe Staple You Can Wear Nonstop From Winter to Spring? A Silky, Satin Skirt",https://www.vogue.com/slideshow/best-silk-and-satin-skirt
The Women Outside the Men’s Shows Are the Ultimate Street Style Inspiration,https://www.vogue.com/article/fashion-week-menswear-style
A Lug Sole Boot Is A Winter Wardrobe Staple–Just Ask Bella Hadid ,https://www.vogue.com/slideshow/best-lug-sole-boots
